patient_id,date,performance_score,performance_level,predicted_performance
P001,2026-01-08,52.33802090516459,Medium,Medium
P001,2026-01-23,64.24497173930479,Medium,Medium
P001,2026-01-28,35.20893866968821,Low,Low
P001,2026-02-14,46.33910929037325,Low,Low
P001,2026-02-17,46.53988347641835,Low,Low
P001,2026-03-04,75.90873425048645,High,High
P001,2026-03-10,72.01081951838071,Medium,Medium
P001,2026-03-30,39.94665889085997,Low,Low
P001,2026-04-02,59.7790017334557,Medium,Medium
P001,2026-04-09,33.825645603120165,Low,Low
P001,2026-05-10,45.29906841766371,Low,Low
P001,2026-05-16,44.9625263927127,Low,Low
P001,2026-05-16,83.37076293980093,High,High
P001,2026-05-18,72.37317383555403,Medium,Medium
P001,2026-05-24,48.05687432054028,Low,Low
P001,2026-06-22,60.699598674643056,Medium,Medium
P002,2026-01-01,75.7756972319185,High,Medium
P002,2026-01-03,51.64683570604984,Medium,Medium
P002,2026-02-02,55.040222392168864,Medium,Medium
P002,2026-02-27,65.23366341295053,Medium,Medium
P002,2026-03-21,25.479709066582764,Low,Low
P002,2026-03-31,61.314592094082464,Medium,Medium
P002,2026-04-04,46.88673169303801,Low,Low
P002,2026-04-15,55.35991561100731,Medium,Medium
P002,2026-04-23,67.40537744405898,Medium,Medium
P002,2026-05-11,58.85445233923821,Medium,Medium
P002,2026-05-13,79.86182226980729,High,High
P002,2026-06-03,65.92386968491894,Medium,Medium
P002,2026-06-25,75.0663745508656,High,High
P003,2026-01-03,87.78617163298337,High,High
P003,2026-02-19,53.41625302318924,Medium,Medium
P003,2026-02-23,84.90982126801657,High,High
P003,2026-03-17,73.07645318236226,Medium,Medium
P003,2026-03-18,69.77931128141552,Medium,Medium
P003,2026-03-25,42.179338971680096,Low,Low
P003,2026-04-28,72.49244638445069,Medium,Medium
P003,2026-05-04,55.46822102305148,Medium,Medium
P003,2026-05-29,63.875098565959384,Medium,Medium
P003,2026-05-30,79.0658910174991,High,High
P003,2026-06-02,72.84671914765894,Medium,Medium
P003,2026-06-20,82.6223789459142,High,High
P004,2026-02-06,53.636615250075124,Medium,Medium
P004,2026-02-16,65.16004701924946,Medium,Medium
P004,2026-03-19,84.66089552391465,High,High
P004,2026-03-23,84.5477084348618,High,High
P004,2026-04-06,74.71163669514704,Medium,Medium
P004,2026-04-08,72.93572941197957,Medium,Medium
P004,2026-04-18,60.749589397946046,Medium,Medium
P004,2026-05-09,67.45536131445424,Medium,Medium
P004,2026-05-27,73.35163189218923,Medium,Medium
P004,2026-06-05,68.01210120265695,Medium,Medium
P004,2026-06-07,71.25426374342334,Medium,Medium
P005,2026-01-03,52.16639299118141,Medium,Medium
P005,2026-01-24,75.41834704802692,High,High
P005,2026-01-27,48.79154999176412,Low,Low
P005,2026-04-08,63.258744180242424,Medium,Medium
P005,2026-04-26,49.384616350794204,Low,Low
P005,2026-04-30,37.911045076027946,Low,Low
P005,2026-05-01,67.42970316117162,Medium,Medium
P005,2026-05-29,62.89758037057356,Medium,Medium
P005,2026-06-06,63.06249011558437,Medium,Medium
P005,2026-06-08,65.02377823665154,Medium,Medium
P005,2026-06-13,48.994988862830404,Low,Low
P006,2026-01-15,61.46689784560512,Medium,Medium
P006,2026-01-17,47.79995308545844,Low,Low
P006,2026-01-29,41.51366803627419,Low,Low
P006,2026-02-19,42.98671914765894,Low,Low
P006,2026-03-11,53.01797529599375,Medium,Medium
P006,2026-04-24,50.368342900339094,Medium,Medium
P006,2026-05-13,59.97438802319168,Medium,Medium
P006,2026-06-13,56.7162018070716,Medium,Medium
P007,2026-02-11,51.73470416959024,Medium,Medium
P007,2026-02-16,76.49388714706095,High,High
P007,2026-02-18,35.59053129021283,Low,Low
P007,2026-04-06,77.1352174516449,High,High
P007,2026-04-27,38.35459338066088,Low,Low
P007,2026-05-29,45.02382716010259,Low,Low
P007,2026-06-22,68.7429942764029,Medium,Medium
P007,2026-06-26,83.36423254178784,High,High
P008,2026-01-02,53.07921902975359,Medium,Medium
P008,2026-01-10,45.249004861944655,Low,Low
P008,2026-02-13,64.51937314866898,Medium,Medium
P008,2026-02-15,66.73067286440345,Medium,Medium
P008,2026-02-19,50.170698021099476,Medium,Medium
P008,2026-03-07,65.98221574968318,Medium,Medium
P008,2026-03-11,57.30290490564495,Medium,Medium
P008,2026-03-12,70.5401394242208,Medium,Medium
P008,2026-04-01,68.23175239321706,Medium,Medium
P008,2026-04-18,33.66863417388433,Low,Low
P008,2026-05-21,38.969648972538415,Low,Low
P008,2026-06-07,92.07866666666668,High,High
P009,2026-01-12,56.18660883504679,Medium,Medium
P009,2026-01-14,75.40862903121148,High,High
P009,2026-01-17,44.949803062747385,Low,Low
P009,2026-02-21,64.18366305766966,Medium,Medium
P009,2026-03-28,61.25539302360602,Medium,Medium
P009,2026-05-09,48.15849464743446,Low,Low
P009,2026-05-15,61.74402831310969,Medium,Medium
P009,2026-06-09,51.504829917405935,Medium,Medium
P009,2026-06-14,64.83345714164564,Medium,Medium
P009,2026-06-22,63.93630536373282,Medium,Medium
P010,2026-01-20,41.07845422560486,Low,Low
P010,2026-02-18,69.29605393911929,Medium,Medium
P010,2026-02-23,79.87905393911929,High,High
P010,2026-06-01,64.70048572612716,Medium,Medium
P010,2026-06-20,60.676711498141856,Medium,Medium
P010,2026-06-23,82.36098563705477,High,High
P011,2026-03-23,55.985543618669595,Medium,Medium
P011,2026-03-30,50.01991743992387,Medium,Medium
P011,2026-04-20,60.95584649219374,Medium,Medium
P011,2026-06-24,51.872497629125775,Medium,Medium
P012,2026-01-04,33.25839416657511,Low,Low
P012,2026-01-10,38.97569992276904,Low,Low
P012,2026-01-25,50.2416640469971,Medium,Medium
P012,2026-02-13,77.71912495198632,High,High
P012,2026-02-23,71.17108032082427,Medium,Medium
P012,2026-03-04,61.95893467421854,Medium,Medium
P012,2026-04-14,52.91465565984244,Medium,Medium
P012,2026-04-23,56.270417558886514,Medium,Medium
P012,2026-05-06,53.34131155931509,Medium,Medium
P012,2026-05-10,74.62983609287667,Medium,Medium
P012,2026-05-16,74.4053783146809,Medium,Medium
P012,2026-05-25,77.46964412256385,High,High
P012,2026-05-29,77.24137744405898,High,High
P013,2026-01-08,85.73017065450144,High,High
P013,2026-01-11,70.97010881563472,Medium,Medium
P013,2026-02-28,47.4457443881517,Low,Low
P013,2026-03-21,54.82130414080358,Medium,Medium
P013,2026-03-28,47.56602053517785,Low,Low
P013,2026-04-18,31.149197667657546,Low,Low
P013,2026-04-25,48.987358997840715,Low,Low
P013,2026-04-27,65.78379485654705,Medium,Medium
P013,2026-04-29,43.70220742382511,Low,Low
P013,2026-05-26,46.492156374401794,Low,Low
P014,2026-01-13,60.40047997052028,Medium,Medium
P014,2026-03-09,37.757139186295504,Low,Low
P014,2026-04-03,63.85468456596937,Medium,Medium
P014,2026-04-07,40.18504275227282,Low,Low
P014,2026-04-16,75.5281858446974,High,High
P014,2026-04-19,88.40252252159728,High,High
P014,2026-04-21,56.30648375437858,Medium,Medium
P014,2026-05-11,65.30783305079704,Medium,Medium
P014,2026-05-18,74.17389853905141,Medium,Medium
P014,2026-06-14,61.129427110980984,Medium,Medium
P015,2026-01-20,78.70480192354073,High,High
P015,2026-01-21,78.84414364618411,High,High
P015,2026-02-01,61.86254999176412,Medium,Medium
P015,2026-02-10,26.312273525690674,Low,Low
P015,2026-03-31,60.901583154889366,Medium,Medium
P015,2026-04-22,65.97566790801602,Medium,Medium
P015,2026-04-24,47.931524765268726,Low,Low
P015,2026-04-30,49.869190949172655,Low,Low
P015,2026-05-16,60.995746332312805,Medium,Medium
P015,2026-05-29,79.58887432054027,High,High
P016,2026-01-02,46.81594450173594,Low,Low
P016,2026-01-19,48.92306293200568,Low,Low
P016,2026-03-14,66.30571291008488,Medium,Medium
P016,2026-03-25,83.33829209304182,High,High
P016,2026-03-27,56.85718745581187,Medium,Medium
P016,2026-04-15,50.406970129312285,Medium,Medium
P016,2026-04-25,60.18782530257552,Medium,Medium
P016,2026-04-26,28.492593495765494,Low,Low
P016,2026-05-04,67.89920342612419,Medium,Medium
P016,2026-05-21,60.11923369238657,Medium,Medium
P016,2026-06-03,78.40792873938949,High,High
P016,2026-06-07,50.75045147475305,Medium,Medium
P016,2026-06-11,55.360011882772625,Medium,Medium
P017,2026-01-11,54.765306748925596,Medium,Medium
P017,2026-01-17,49.576924092761566,Low,Low
P017,2026-02-05,78.78444141939431,High,High
P017,2026-02-15,74.41833241842554,Medium,Medium
P017,2026-02-26,60.9332018070716,Medium,Medium
P017,2026-03-01,72.24786387274395,Medium,Medium
P017,2026-03-09,49.80578688725957,Low,Low
P017,2026-04-07,38.82546987923841,Low,Low
P017,2026-05-12,87.7573179502326,High,High
P017,2026-05-17,61.77503191320046,Medium,Medium
P017,2026-05-19,69.70323349495725,Medium,Medium
P017,2026-05-23,49.29151979233568,Low,Low
P017,2026-05-29,68.89653338524431,Medium,Medium
P017,2026-05-30,51.80535617416132,Medium,Medium
P017,2026-06-23,84.48737240307779,High,High
P018,2026-01-05,32.50013274101882,Low,Low
P018,2026-01-19,63.79681450594386,Medium,Medium
P018,2026-03-01,65.72640416265814,Medium,Medium
P018,2026-03-05,69.15582991740592,Medium,Medium
P018,2026-04-29,57.74335359358701,Medium,Medium
P018,2026-05-11,46.056837155585086,Low,Low
P018,2026-06-07,73.69297281670315,Medium,Medium
P018,2026-06-13,81.90634648693678,High,High
P018,2026-06-30,54.489399334821634,Medium,Medium
P019,2026-01-08,35.27230268553607,Low,Low
P019,2026-01-29,72.23730537803536,Medium,Medium
P019,2026-01-31,66.00315621614291,Medium,Medium
P019,2026-02-11,46.045938351586905,Low,Low
P019,2026-02-13,86.00442894544553,High,High
P019,2026-02-15,75.6801972060773,High,High
P019,2026-03-17,55.05851113206022,Medium,Medium
P019,2026-03-21,51.31944838057435,Medium,Medium
P019,2026-04-04,52.49431867211087,Medium,Medium
P019,2026-04-13,56.69826409242856,Medium,Medium
P019,2026-04-15,52.270223591829755,Medium,Medium
P019,2026-04-16,50.35841141185136,Medium,Medium
P019,2026-05-27,71.28411161941922,Medium,Medium
P020,2026-01-21,56.060230520473716,Medium,Medium
P020,2026-03-01,67.22118610004894,Medium,Medium
P020,2026-03-10,82.50644415096832,High,High
P020,2026-03-30,71.85723592567217,Medium,Medium
P020,2026-04-06,22.58394464992538,Low,Low
P020,2026-05-26,41.66617982733942,Low,Low
P020,2026-06-18,59.634067366846814,Medium,Medium
P021,2026-01-22,58.92278755893819,Medium,Medium
P021,2026-01-31,52.52761620032171,Medium,Medium
P021,2026-02-05,60.835232767766115,Medium,Medium
P021,2026-02-25,84.41532704670666,High,High
P021,2026-04-16,60.005607252628806,Medium,Medium
P021,2026-04-23,73.28649208179401,Medium,Medium
P021,2026-04-27,64.91874896350632,Medium,Medium
P021,2026-05-23,55.32920368936433,Medium,Medium
P021,2026-06-13,64.4779834632272,Medium,Medium
P021,2026-06-27,49.18650747771919,Low,Low
P022,2026-01-12,63.4842894943298,Medium,Medium
P022,2026-01-13,62.63661745427203,Medium,Medium
P022,2026-04-04,32.2619131505665,Low,Low
P022,2026-04-18,68.6588118275946,Medium,Medium
P022,2026-04-18,48.56052417193368,Low,Low
P022,2026-05-12,57.78632295327799,Medium,Medium
P023,2026-01-14,60.73111476330729,Medium,Medium
P023,2026-02-06,60.17015499133272,Medium,Medium
P023,2026-03-07,58.31603635679299,Medium,Medium
P023,2026-03-15,81.24459836222377,High,High
P023,2026-03-21,60.05732036917152,Medium,Medium
P023,2026-03-26,41.32702413069707,Low,Low
P023,2026-04-03,58.43791321028048,Medium,Medium
P023,2026-04-29,53.18979923930459,Medium,Medium
P023,2026-05-24,71.46455317630264,Medium,Medium
P023,2026-05-30,66.43846624097041,Medium,Medium
P023,2026-05-31,54.04927457711612,Medium,Medium
P023,2026-06-27,54.71750322976719,Medium,Medium
P024,2026-01-07,48.900142576376155,Low,Low
P024,2026-01-31,73.91045908267321,Medium,Medium
P024,2026-02-16,83.83600152951973,High,High
P024,2026-03-01,54.21687218922442,Medium,Medium
P024,2026-03-19,38.619182261267156,Low,Low
P024,2026-03-26,73.29797800697003,Medium,Medium
P024,2026-03-27,56.488128643889,Medium,Medium
P024,2026-04-29,84.25499350580967,High,High
P024,2026-05-01,81.9384762881658,High,High
P024,2026-05-05,52.81625606025905,Medium,Medium
P024,2026-05-14,73.99566443489091,Medium,Medium
P024,2026-05-23,82.02249686018816,High,High
P024,2026-05-31,46.39686591994729,Low,Low
P024,2026-06-24,83.9690017334557,High,High
P025,2026-01-07,85.99331637766655,High,High
P025,2026-01-21,59.97497802811656,Medium,Medium
P025,2026-01-31,73.7335042002965,Medium,Medium
P025,2026-02-01,70.82711027485999,Medium,Medium
P025,2026-03-01,56.46936901309191,Medium,Medium
P025,2026-04-07,29.05639601568472,Low,Low
P025,2026-04-26,57.92666584876994,Medium,Medium
P025,2026-06-16,50.9940108534793,Medium,Medium
P025,2026-06-23,71.72429446998397,Medium,Medium
P025,2026-06-28,56.59359196374928,Medium,Medium
P026,2026-01-02,39.95557676448877,Low,Low
P026,2026-01-02,76.27263997595563,High,High
P026,2026-03-10,76.59997153618453,High,High
P026,2026-03-10,55.30381778624944,Medium,Medium
P026,2026-05-09,58.21914164809394,Medium,Medium
P026,2026-05-23,79.45086207045347,High,High
P026,2026-05-29,81.5579941683957,High,High
P026,2026-05-29,86.60577990404683,High,High
P026,2026-05-29,41.43175391716276,Low,Low
P027,2026-02-01,53.635632925716905,Medium,Medium
P027,2026-02-15,72.150130635166,Medium,Medium
P027,2026-02-21,41.5136854559356,Low,Low
P027,2026-02-25,59.852392991181404,Medium,Medium
P027,2026-03-23,66.82304925053535,Medium,Medium
P027,2026-03-26,57.84789718714039,Medium,Medium
P027,2026-04-20,67.92027972834282,Medium,Medium
P027,2026-05-28,69.63834704122247,Medium,Medium
P027,2026-05-30,65.96174482458984,Medium,Medium
P027,2026-06-19,55.18930674892559,Medium,Medium
P027,2026-06-24,62.642543360192064,Medium,Medium
P028,2026-01-07,66.84891505748878,Medium,Medium
P028,2026-01-29,35.516988959648494,Low,Low
P028,2026-02-08,62.44100893105332,Medium,Medium
P028,2026-02-08,79.00723136403217,High,High
P028,2026-04-13,60.08050162927102,Medium,Medium
P028,2026-04-24,61.76241421125842,Medium,Medium
P028,2026-05-27,40.467992018687944,Low,Low
P028,2026-05-31,55.73237235394711,Medium,Medium
P028,2026-06-28,66.50708155385003,Medium,Medium
P028,2026-06-30,61.103765634502466,Medium,Medium
P029,2026-01-16,87.66834179895446,High,High
P029,2026-01-29,47.85592028935065,Low,Low
P029,2026-04-06,62.7606640469971,Medium,Medium
P029,2026-04-20,87.78535344883525,High,High
P029,2026-06-02,51.25296574110341,Medium,Medium
P029,2026-06-03,65.06159876518667,Medium,Medium
P029,2026-06-15,52.409021742711246,Medium,Medium
P029,2026-06-15,59.36432429039271,Medium,Medium
P030,2026-03-15,76.55744216354839,High,High
P030,2026-03-25,61.84879324292172,Medium,Medium
P030,2026-04-30,58.74536791823077,Medium,Medium
P030,2026-05-12,69.85656388294076,Medium,Medium
P030,2026-05-17,59.35246013930936,Medium,Medium
P030,2026-05-30,67.39855896682836,Medium,Medium
P030,2026-05-31,51.01692838448727,Medium,Medium
P030,2026-06-03,49.801508641014,Low,Low
P030,2026-06-30,57.84340266251741,Medium,Medium
P031,2026-01-26,77.50261385702971,High,High
P031,2026-02-17,47.789288019739615,Low,Low
P031,2026-03-22,45.07592798188815,Low,Low
P032,2026-02-04,45.83269369972546,Low,Low
P032,2026-02-18,56.82759850107067,Medium,Medium
P032,2026-02-19,54.32990113236089,Medium,Medium
P032,2026-02-24,58.323787319296756,Medium,Medium
P032,2026-04-07,47.203837819213675,Low,Low
P032,2026-05-08,65.66543403063746,Medium,Medium
P032,2026-06-01,63.04877091375248,Medium,Medium
P032,2026-06-08,42.09131532140554,Low,Low
P032,2026-06-18,74.96352078914519,Medium,Medium
P032,2026-06-25,52.97524059573652,Medium,Medium
P032,2026-06-25,33.868493450374515,Low,Low
P032,2026-06-29,62.88278449431621,Medium,Medium
P033,2026-01-06,59.242153696653354,Medium,Medium
P033,2026-01-14,49.95145147475306,Low,Low
P033,2026-01-14,35.136844082314084,Low,Low
P033,2026-01-15,57.293322408214046,Medium,Medium
P033,2026-01-19,67.15683516835556,Medium,Medium
P033,2026-02-02,42.55699959916034,Low,Low
P033,2026-02-04,58.17642103730279,Medium,Medium
P033,2026-02-04,72.64959305847913,Medium,Medium
P033,2026-03-21,57.93666017247634,Medium,Medium
P033,2026-03-31,44.53714162095567,Low,Low
P033,2026-04-01,56.10159552772771,Medium,Medium
P033,2026-05-02,45.352387272452624,Low,Low
P033,2026-05-10,64.39108033088398,Medium,Medium
P033,2026-05-24,64.82036388019434,Medium,Medium
P033,2026-05-31,68.08441654404196,Medium,Medium
P033,2026-06-01,53.91588744224549,Medium,Medium
P033,2026-06-12,57.070560421747196,Medium,Medium
P033,2026-06-17,81.96600000000001,High,High
P034,2026-01-03,66.9589700234744,Medium,Medium
P034,2026-01-20,63.45440448348937,Medium,Medium
P034,2026-03-01,84.10897794808221,High,High
P034,2026-03-09,46.65630615003649,Low,Low
P034,2026-04-18,79.42468908967463,High,High
P034,2026-04-21,60.26899714736205,Medium,Medium
P034,2026-04-28,63.022123237009424,Medium,Medium
P034,2026-04-28,55.25404912715538,Medium,Medium
P034,2026-06-19,52.3417040904543,Medium,Medium
P035,2026-01-05,61.34763057000103,Medium,Medium
P035,2026-01-08,78.54817089220451,High,High
P035,2026-01-20,56.957086485470526,Medium,Medium
P035,2026-03-07,50.20643954543156,Medium,Low
P035,2026-04-27,66.29923491942341,Medium,Medium
P035,2026-05-03,39.432160210239445,Low,Low
P035,2026-05-04,35.50288066480222,Low,Low
P035,2026-06-12,68.38484070978345,Medium,Medium
P035,2026-06-16,70.32829316721822,Medium,Medium
P035,2026-06-18,80.30006121116743,High,High
P036,2026-01-01,25.828648513788746,Low,Low
P036,2026-01-05,58.37242154309888,Medium,Medium
P036,2026-03-02,64.58093075909522,Medium,Medium
P036,2026-03-06,47.749783455167496,Low,Low
P036,2026-03-19,46.2013344923833,Low,Low
P036,2026-04-02,35.52122077557881,Low,Low
P036,2026-05-05,79.27487031763143,High,High
P036,2026-05-10,54.15104411072565,Medium,Medium
P036,2026-05-10,60.947971536184525,Medium,Medium
P036,2026-05-23,60.94046624097041,Medium,Medium
P036,2026-06-13,58.2202852044458,Medium,Medium
P036,2026-06-26,66.49683239821731,Medium,Medium
P037,2026-02-11,46.008357464030404,Low,Low
P037,2026-02-12,78.77670568728044,High,High
P037,2026-02-13,71.02204593925765,Medium,Medium
P037,2026-03-30,48.81615282718661,Low,Low
P037,2026-04-04,44.131961921904676,Low,Low
P037,2026-05-02,46.19236080455352,Low,Low
P037,2026-06-06,51.99249208179401,Medium,Medium
P038,2026-01-12,55.101268379728765,Medium,Medium
P038,2026-01-17,66.49814374240742,Medium,Medium
P038,2026-01-21,65.71693194105195,Medium,Medium
P038,2026-01-25,46.65537966200916,Low,Low
P038,2026-02-08,52.32983496260435,Medium,Medium
P038,2026-03-31,73.3981396113828,Medium,Medium
P038,2026-04-08,64.76803294042307,Medium,Medium
P038,2026-04-10,45.45107275464557,Low,Low
P038,2026-04-11,42.28397433779022,Low,Low
P038,2026-05-07,42.1130326312963,Low,Low
P039,2026-02-16,76.52546696347419,High,High
P039,2026-02-27,59.61342124303403,Medium,Medium
P039,2026-03-13,43.68722390723457,Low,Low
P039,2026-03-19,75.79195507546663,High,Medium
P039,2026-04-11,50.683621715357475,Medium,Medium
P039,2026-04-12,76.00972128710622,High,High
P039,2026-05-09,72.87364971099987,Medium,Medium
P039,2026-05-10,67.51738802319169,Medium,Medium
P039,2026-05-29,49.202451626842084,Low,Medium
P039,2026-06-03,66.7651381441699,Medium,Medium
P039,2026-06-26,72.0892361243533,Medium,Medium
P040,2026-01-26,51.49978551427159,Medium,Medium
P040,2026-04-08,83.31100156942024,High,High
P040,2026-04-10,66.60895969501091,Medium,Medium
P040,2026-06-13,40.900575815809226,Low,Low
P040,2026-06-21,51.09977513008184,Medium,Medium
P041,2026-02-14,67.60950941618994,Medium,Medium
P041,2026-03-10,58.92483853533269,Medium,Medium
P041,2026-04-05,79.86367700326164,High,High
P041,2026-06-06,36.674494243700465,Low,Low
P042,2026-01-20,79.23656148651797,High,High
P042,2026-01-27,47.61224038318838,Low,Low
P042,2026-02-03,68.91924753537046,Medium,Medium
P042,2026-02-17,56.395249676944886,Medium,Medium
P042,2026-05-27,68.60015678225103,Medium,Medium
P042,2026-05-29,60.78969521770164,Medium,Medium
P042,2026-06-02,73.3218985390514,Medium,Medium
P042,2026-06-25,50.45386207045346,Medium,Medium
P043,2026-01-10,76.57105072360604,High,High
P043,2026-01-11,55.58362312633833,Medium,Medium
P043,2026-01-14,46.19547964831712,Low,Low
P043,2026-01-14,73.08833077528449,Medium,Medium
P043,2026-01-26,30.247062274638722,Low,Low
P044,2026-01-01,58.906258082050506,Medium,Medium
P044,2026-01-04,91.14750083126073,High,High
P044,2026-01-05,30.176627503053165,Low,Low
P044,2026-01-21,46.645976189168906,Low,Low
P044,2026-02-08,65.26000038577403,Medium,Medium
P044,2026-02-10,45.90006862216051,Low,Low
P044,2026-03-06,82.79441421125841,High,High
P044,2026-03-14,64.00343666863775,Medium,Medium
P044,2026-04-28,67.37267584503618,Medium,Medium
P044,2026-06-20,63.43250947081579,Medium,Medium
P045,2026-01-04,55.561708151806336,Medium,Medium
P045,2026-01-30,61.84696509853526,Medium,Medium
P045,2026-02-27,38.48384135850104,Low,Low
P045,2026-03-03,67.193492081794,Medium,Medium
P045,2026-04-20,53.72235815077143,Medium,Medium
P045,2026-05-25,66.74966740594755,Medium,Medium
P045,2026-06-16,68.41955943499684,Medium,Medium
P045,2026-06-18,53.36509252789361,Medium,Medium
P045,2026-06-30,60.60673624429756,Medium,Medium
P046,2026-01-09,71.50369269346635,Medium,Medium
P046,2026-02-21,64.14142688192612,Medium,Medium
P046,2026-02-26,49.702736932735576,Low,Low
P046,2026-03-10,40.85767345502463,Low,Low
P046,2026-03-19,53.46845674311643,Medium,Medium
P046,2026-06-19,30.840408624461904,Low,Low
P046,2026-06-29,42.42421583983469,Low,Low
P047,2026-01-02,62.10498923845605,Medium,Medium
P047,2026-02-01,37.98087838180101,Low,Low
P047,2026-02-16,69.24971370707671,Medium,Medium
P047,2026-02-26,80.90786199796018,High,High
P047,2026-04-04,39.7596462013673,Low,Low
P047,2026-04-18,44.81887624485911,Low,Low
P047,2026-05-06,61.07887432054027,Medium,Medium
P047,2026-05-18,32.33601840493523,Low,Low
P047,2026-05-31,47.945849037391184,Low,Low
P047,2026-06-04,86.14968899765474,High,High
P047,2026-06-21,38.29878923977095,Low,Low
P047,2026-06-29,50.28392232820712,Medium,Medium
P048,2026-01-30,52.8776045972993,Medium,Medium
P048,2026-02-06,71.19230783424764,Medium,Medium
P048,2026-02-09,64.53828163275453,Medium,Medium
P048,2026-03-21,84.49598223188454,High,High
P048,2026-03-30,60.93969521770165,Medium,Medium
P048,2026-04-18,73.17642906796831,Medium,Medium
P048,2026-05-17,37.34224186475131,Low,Low
P048,2026-05-18,79.73449270721888,High,High
P048,2026-06-07,59.118550143085024,Medium,Medium
P048,2026-06-22,54.97916137069052,Medium,Medium
P048,2026-06-29,73.33926502889044,Medium,Medium
P049,2026-01-05,84.36890489551799,High,High
P049,2026-01-12,54.381273335154255,Medium,Medium
P049,2026-01-25,69.16441070349468,Medium,Medium
P049,2026-02-07,64.22342332751644,Medium,Medium
P049,2026-02-14,33.56894549567362,Low,Low
P049,2026-04-03,69.21424022384831,Medium,Medium
P049,2026-04-14,58.428690780106635,Medium,Medium
P049,2026-04-29,67.18981592177875,Medium,Medium
P049,2026-05-24,67.3711206526301,Medium,Medium
P050,2026-01-03,75.328201874489,High,High
P050,2026-01-13,50.72653670095131,Medium,Medium
P050,2026-01-14,52.835030916476924,Medium,Medium
P050,2026-02-04,57.95433007961721,Medium,Medium
P050,2026-04-19,54.27731763026409,Medium,Medium
P050,2026-04-22,46.930544636648726,Low,Low
P050,2026-05-12,91.0713353003286,High,High
P050,2026-06-12,63.47959471836292,Medium,Medium
P050,2026-06-28,66.44239933482163,Medium,Medium
P051,2026-01-20,68.49078784384781,Medium,Medium
P051,2026-01-20,37.452059081040794,Low,Low
P051,2026-01-30,64.19140342694267,Medium,Medium
P051,2026-02-06,55.30284054771599,Medium,Medium
P051,2026-02-13,37.96745218093826,Low,Low
P051,2026-03-16,64.27382078153303,Medium,Medium
P051,2026-03-27,64.92192409276157,Medium,Medium
P051,2026-04-12,69.77180532538871,Medium,Medium
P051,2026-04-21,46.0449922241933,Low,Low
P051,2026-05-16,72.36413588730036,Medium,Medium
P051,2026-05-21,53.1693405332266,Medium,Medium
P051,2026-05-30,91.12871483209763,High,High
P051,2026-06-06,45.148750946909935,Low,Low
P052,2026-01-26,52.07206293200568,Medium,Medium
P052,2026-01-30,64.29294871324942,Medium,Medium
P052,2026-02-18,37.343596905175545,Low,Low
P052,2026-02-21,79.84450008203515,High,High
P052,2026-03-03,56.17399769181568,Medium,Medium
P052,2026-04-11,57.54640602539911,Medium,Medium
P052,2026-04-17,77.89573143053333,High,High
P052,2026-05-28,52.90241592388267,Medium,Medium
P052,2026-06-07,66.0316255697341,Medium,Medium
P052,2026-06-09,76.08997670495101,High,High
P052,2026-06-21,58.56254075715844,Medium,Medium
P053,2026-01-14,63.7499721271986,Medium,Medium
P053,2026-02-18,68.61070797408595,Medium,Medium
P053,2026-03-03,67.76994058596213,Medium,Medium
P053,2026-03-04,58.685804800911015,Medium,Medium
P053,2026-03-13,40.661763542337255,Low,Low
P053,2026-03-29,32.30747216853967,Low,Low
P053,2026-04-02,46.89121399813555,Low,Low
P053,2026-04-05,57.40863669514704,Medium,Medium
P053,2026-04-29,65.7844662409704,Medium,Medium
P053,2026-05-05,85.94358939794604,High,High
P053,2026-05-14,69.86876378068351,Medium,Medium
P054,2026-01-05,55.01863457506493,Medium,Medium
P054,2026-01-08,65.86337328461913,Medium,Medium
P054,2026-01-10,64.49427550171346,Medium,Medium
P054,2026-01-31,71.33459098196438,Medium,Medium
P054,2026-03-07,60.71368568589081,Medium,Medium
P054,2026-04-14,57.602769096228975,Medium,Medium
P054,2026-04-16,82.91812344619674,High,High
P054,2026-04-17,69.33024925676331,Medium,Medium
P054,2026-04-27,40.608791649519766,Low,Low
P054,2026-05-05,68.0540635971169,Medium,Medium
P054,2026-05-26,57.43452476526872,Medium,Medium
P054,2026-06-08,37.5883945725707,Low,Low
P055,2026-02-04,67.84284529567702,Medium,Medium
P055,2026-02-24,51.8619505216144,Medium,Medium
P055,2026-03-14,53.784849823855616,Medium,Medium
P055,2026-03-23,67.78539631555691,Medium,Medium
P055,2026-04-02,48.70944459593875,Low,Low
P055,2026-04-16,59.850376753960134,Medium,Medium
P055,2026-05-06,53.600330713663766,Medium,Medium
P056,2026-03-13,67.5334437515523,Medium,Medium
P056,2026-04-13,67.94689520412169,Medium,Medium
P056,2026-04-23,78.20316944650808,High,High
P056,2026-04-28,54.97725058888635,Medium,Medium
P056,2026-05-04,49.05422102305148,Low,Low
P056,2026-06-01,56.042537388217916,Medium,Medium
P056,2026-06-08,42.1800981469493,Low,Low
P056,2026-06-08,47.699720172298335,Low,Low
P056,2026-06-14,58.62625907807242,Medium,Medium
P057,2026-01-08,57.13230269990636,Medium,Medium
P057,2026-01-24,62.30232898578937,Medium,Medium
P057,2026-02-18,44.27173334949859,Low,Low
P057,2026-04-28,67.55564165052174,Medium,Medium
P057,2026-05-08,54.00865726880096,Medium,Medium
P057,2026-05-13,71.00604735949275,Medium,Medium
P057,2026-06-10,62.284578707516616,Medium,Medium
P057,2026-06-23,69.01727349230885,Medium,Medium
P058,2026-01-02,68.35026347494498,Medium,Medium
P058,2026-02-01,50.47416195914483,Medium,Medium
P058,2026-02-18,43.94706185253903,Low,Low
P058,2026-02-24,66.2620183735143,Medium,Medium
P058,2026-03-01,47.471376478083755,Low,Low
P058,2026-03-20,66.33322247868715,Medium,Medium
P058,2026-03-28,56.75946263714431,Medium,Medium
P058,2026-05-03,57.27485803990067,Medium,Medium
P058,2026-05-20,76.72281951838073,High,High
P058,2026-05-25,44.08286387274396,Low,Low
P058,2026-05-27,57.66308915709559,Medium,Medium
P058,2026-05-28,61.03309501160445,Medium,Medium
P058,2026-06-13,54.185306249463565,Medium,Medium
P058,2026-06-15,83.50576956911682,High,High
P058,2026-06-22,35.09596347250237,Low,Low
P059,2026-01-07,57.42705728701082,Medium,Medium
P059,2026-01-07,64.40764040463708,Medium,Medium
P059,2026-02-03,59.23529716632749,Medium,Medium
P059,2026-02-15,72.59121574968317,Medium,Medium
P059,2026-03-05,54.79503429921913,Medium,Medium
P059,2026-03-10,21.46909548527417,Low,Low
P059,2026-04-19,61.41610715524482,Medium,Medium
P059,2026-05-02,60.24458501492601,Medium,Medium
P059,2026-05-16,48.49543290303839,Low,Low
P059,2026-05-23,37.4685933915854,Low,Low
P060,2026-01-12,57.351811250628245,Medium,Medium
P060,2026-02-06,69.33623096014004,Medium,Medium
P060,2026-02-10,52.13220419088407,Medium,Medium
P060,2026-02-19,55.81623457254863,Medium,Medium
P060,2026-02-27,40.360678452689115,Low,Low
P060,2026-03-08,49.857287031171666,Low,Low
P060,2026-04-03,49.56995345165741,Low,Low
P060,2026-04-10,54.676293167218226,Medium,Medium
P060,2026-04-28,59.16614164809394,Medium,Medium
P060,2026-05-28,88.71520342612419,High,High
P060,2026-06-03,70.76531317274525,Medium,Medium
P061,2026-01-04,72.9571721617055,Medium,Medium
P061,2026-01-27,49.68685701111748,Low,Low
P061,2026-03-13,59.70520017908399,Medium,Medium
P061,2026-03-17,64.71656022448342,Medium,Medium
P061,2026-03-28,85.29641327623126,High,High
P061,2026-03-31,67.3458691816576,Medium,Medium
P061,2026-04-14,66.9130652496762,Medium,Medium
P061,2026-04-30,55.88111655452539,Medium,Medium
P061,2026-05-19,53.2624771462211,Medium,Medium
P061,2026-06-12,56.23838636014116,Medium,Medium
P061,2026-06-22,67.04565319144334,Medium,Medium
P062,2026-01-08,72.12073143053334,Medium,Medium
P062,2026-01-08,77.3879174750563,High,High
P062,2026-01-10,57.16396935220274,Medium,Medium
P062,2026-02-12,69.7062764880173,Medium,Medium
P062,2026-02-20,57.15303199854355,Medium,Medium
P062,2026-02-22,64.29025336971895,Medium,Medium
P062,2026-02-24,57.43733965225158,Medium,Medium
P062,2026-03-07,43.559856396106554,Low,Low
P062,2026-03-21,61.02126316825626,Medium,Medium
P062,2026-04-09,71.95749451265411,Medium,Medium
P062,2026-04-21,39.5875124910778,Low,Low
P062,2026-04-24,56.94916674870181,Medium,Medium
P062,2026-04-29,53.22666341295054,Medium,Medium
P062,2026-05-05,48.148787769811015,Low,Low
P062,2026-05-08,50.534923863906734,Medium,Medium
P062,2026-05-09,48.84684086900162,Low,Low
P062,2026-06-11,69.49402543479397,Medium,Medium
P062,2026-06-18,44.32304594357615,Low,Low
P062,2026-06-21,43.48816604535856,Low,Low
P063,2026-01-05,78.81030979255566,High,High
P063,2026-02-06,69.7100223658978,Medium,Medium
P063,2026-03-11,52.73487432054028,Medium,Medium
P063,2026-03-18,77.56855752132665,High,High
P063,2026-04-13,61.3404449033182,Medium,Medium
P063,2026-04-19,77.93680831136831,High,High
P063,2026-05-03,73.4842274591932,Medium,Medium
P063,2026-05-04,82.10054981617776,High,High
P063,2026-05-11,46.21914163352707,Low,Low
P063,2026-05-14,44.01923823897829,Low,Low
P063,2026-05-21,43.729495128334584,Low,Low
P063,2026-05-24,72.1042076538736,Medium,Medium
P063,2026-06-11,69.71107219333129,Medium,Medium
P064,2026-01-04,62.47545727846381,Medium,Medium
P064,2026-02-01,72.99621424400011,Medium,Medium
P064,2026-02-23,62.48000452230215,Medium,Medium
P064,2026-02-27,49.28300486194466,Low,Low
P064,2026-04-28,80.8444762881658,High,High
P064,2026-05-07,53.76690490564495,Medium,Medium
P064,2026-05-14,30.157141633527075,Low,Low
P064,2026-05-21,41.74883590668319,Low,Low
P064,2026-05-26,46.52108088617122,Low,Low
P065,2026-01-24,52.326262341429185,Medium,Medium
P065,2026-01-25,60.92976563450246,Medium,Medium
P065,2026-02-01,59.709353593587004,Medium,Medium
P065,2026-02-23,58.98530371209151,Medium,Medium
P065,2026-03-01,56.57381257748226,Medium,Medium
P065,2026-03-05,56.095400939193354,Medium,Medium
P065,2026-04-23,70.50022808823108,Medium,Medium
P065,2026-06-20,70.73671964430756,Medium,Medium
P066,2026-01-12,60.49994383164922,Medium,Medium
P066,2026-02-05,63.26393070602093,Medium,Medium
P066,2026-03-12,62.8912971663275,Medium,Medium
P066,2026-03-19,73.7720802684799,Medium,Medium
P066,2026-05-17,76.44731221640534,High,High
P066,2026-05-29,64.65080485027701,Medium,Medium
P066,2026-06-28,39.24909564546486,Low,Low
P066,2026-06-29,61.047345365555216,Medium,Medium
P067,2026-01-25,46.09720418407963,Low,Low
P067,2026-02-05,57.56215239279382,Medium,Medium
P067,2026-03-04,63.49208046331385,Medium,Medium
P067,2026-03-18,59.33516853815219,Medium,Medium
P067,2026-03-20,75.16240432424215,High,High
P067,2026-04-10,70.43823446569422,Medium,Medium
P067,2026-05-01,66.20459836222378,Medium,Medium
P067,2026-05-27,56.74945367703705,Medium,Medium
P067,2026-05-29,57.990262435625695,Medium,Medium
P067,2026-06-13,74.55829091541092,Medium,Medium
P068,2026-01-12,52.340348142221806,Medium,Medium
P068,2026-01-13,25.089942668699145,Low,Low
P068,2026-03-25,34.29871520342613,Low,Low
P068,2026-03-27,44.84163457506493,Low,Low
P068,2026-05-16,60.66897445208656,Medium,Medium
P069,2026-01-15,53.10745674311642,Medium,Medium
P069,2026-01-29,53.59541442809902,Medium,Medium
P069,2026-02-04,43.81227075898168,Low,Low
P069,2026-02-05,46.21651933661958,Low,Low
P069,2026-04-12,67.34938727245262,Medium,Medium
P069,2026-04-14,76.75615451688667,High,High
P069,2026-04-15,67.89225715398092,Medium,Medium
P069,2026-05-23,78.64689045830912,High,High
P069,2026-06-07,73.64092574473908,Medium,Medium
P069,2026-06-15,55.87297433779022,Medium,Medium
P069,2026-06-21,52.75788744224549,Medium,Medium
P069,2026-06-22,79.24489520412169,High,High
P070,2026-03-01,43.38119548177868,Low,Low
P070,2026-03-16,55.799292236400774,Medium,Medium
P070,2026-03-30,62.66873757550577,Medium,Medium
P070,2026-04-12,55.54020695839967,Medium,Medium
P070,2026-04-29,59.86103135443282,Medium,Medium
P070,2026-05-26,59.35941460028789,Medium,Medium
P070,2026-06-09,48.21260800726754,Low,Low
P071,2026-02-06,68.5576008595259,Medium,Medium
P071,2026-02-28,78.53307690159203,High,High
P071,2026-04-11,65.30540371752136,Medium,Medium
P071,2026-04-21,26.69647982210509,Low,Low
P071,2026-04-30,43.96380829852213,Low,Low
P071,2026-06-10,83.91705471664719,High,High
P072,2026-01-08,67.78735827451692,Medium,Medium
P072,2026-01-08,68.92795890306745,Medium,Medium
P072,2026-05-04,84.47693336946175,High,High
P072,2026-05-19,57.233347783117175,Medium,Medium
P072,2026-05-23,57.93304512712889,Medium,Medium
P072,2026-05-24,59.42385783539271,Medium,Medium
P072,2026-06-18,46.60850275954334,Low,Low
P072,2026-06-21,88.54480192354072,High,High
P073,2026-01-10,42.21748758919487,Low,Low
P073,2026-01-19,54.796046328675814,Medium,Medium
P073,2026-01-31,76.94937531534183,High,High
P073,2026-02-16,62.825731693038,Medium,Medium
P073,2026-03-24,61.34099880082926,Medium,Medium
P073,2026-04-15,43.144909857715845,Low,Low
P073,2026-05-26,72.12510719487567,Medium,Medium
P074,2026-01-22,56.02875321414368,Medium,Medium
P074,2026-01-25,51.52535164888499,Medium,Medium
P074,2026-01-28,69.87018829100566,Medium,Medium
P074,2026-02-07,65.35685113964335,Medium,Medium
P074,2026-03-09,55.50140291096422,Medium,Medium
P074,2026-04-05,52.29514164809393,Medium,Medium
P074,2026-04-25,85.2015641001769,High,High
P074,2026-06-09,52.86602026025367,Medium,Medium
P074,2026-06-12,64.9721926462783,Medium,Medium
P074,2026-06-20,77.94724421753057,High,High
P075,2026-01-03,61.38246536613007,Medium,Medium
P075,2026-01-13,52.54433705195591,Medium,Medium
P075,2026-01-24,68.41435565505158,Medium,Medium
P075,2026-02-05,62.32399918210327,Medium,Medium
P075,2026-02-07,67.1006793325956,Medium,Medium
P075,2026-03-03,54.681778286085894,Medium,Medium
P075,2026-03-18,60.56726350390493,Medium,Medium
P075,2026-03-25,53.614860333625586,Medium,Medium
P075,2026-04-27,37.08393070602092,Low,Low
P075,2026-05-08,56.88072787206886,Medium,Medium
P075,2026-06-13,71.45820651067953,Medium,Medium
P076,2026-01-12,39.1155574580824,Low,Low
P076,2026-01-30,58.48692798188815,Medium,Medium
P076,2026-02-09,55.783746332312816,Medium,Medium
P076,2026-03-23,44.974383136034916,Low,Low
P076,2026-03-26,51.27093367437774,Medium,Medium
P076,2026-04-12,86.7579797239839,High,High
P076,2026-05-02,53.556570003189215,Medium,Medium
P077,2026-01-04,54.284527300100116,Medium,Medium
P077,2026-02-08,61.34323076684356,Medium,Medium
P077,2026-03-28,30.473333333333336,Low,Low
P077,2026-05-15,68.29314991878466,Medium,Medium
P077,2026-06-05,42.67140644161809,Low,Low
P077,2026-06-17,47.81444415096831,Low,Low
P077,2026-06-27,77.61209115937596,High,High
P078,2026-02-04,52.41241442809903,Medium,Medium
P078,2026-02-07,83.6732971663275,High,High
P078,2026-03-05,60.3952852044458,Medium,Medium
P078,2026-04-09,36.205699947208274,Low,Low
P078,2026-04-28,64.94823207243172,Medium,Medium
P078,2026-05-04,80.60205193307763,High,High
P078,2026-06-01,41.375959695010906,Low,Low
P078,2026-06-10,60.87007825579133,Medium,Medium
P079,2026-02-18,71.24164399919307,Medium,Medium
P079,2026-04-23,56.645668400122375,Medium,Medium
P079,2026-05-01,57.67343880744524,Medium,Medium
P079,2026-05-05,53.63282550121103,Medium,Medium
P079,2026-06-18,37.99515617210989,Low,Low
P079,2026-06-24,64.76999350580967,Medium,Medium
P080,2026-02-11,46.971135372788716,Low,Low
P080,2026-02-21,55.117119849028924,Medium,Medium
P080,2026-03-08,60.61723104763085,Medium,Medium
P080,2026-05-03,81.23613063516599,High,High
P080,2026-05-09,57.400116788500824,Medium,Medium
P080,2026-05-12,67.6841381441699,Medium,Medium
P080,2026-05-15,57.19482468450927,Medium,Medium
P080,2026-06-22,47.39366417474793,Low,Low
P081,2026-01-02,74.2945068306691,Medium,Medium
P081,2026-01-25,55.98377091375248,Medium,Medium
P081,2026-01-28,82.91319669896562,High,High
P081,2026-02-19,43.55962312633833,Low,Low
P081,2026-03-30,72.63448946148264,Medium,Medium
P081,2026-05-24,55.900687571831256,Medium,Medium
P082,2026-01-11,31.185702608043734,Low,Low
P082,2026-01-22,75.3002517589477,High,High
P082,2026-02-03,56.633362190432706,Medium,Medium
P082,2026-03-01,52.75218879073269,Medium,Medium
P082,2026-04-10,74.1585086529449,Medium,Medium
P082,2026-06-11,46.76507212773181,Low,Low
P082,2026-06-21,35.71397014005504,Low,Low
P083,2026-02-11,63.65003585595435,Medium,Medium
P083,2026-04-02,48.79238412506872,Low,Low
P083,2026-06-13,70.28214164355671,Medium,Medium
P083,2026-06-14,44.11999143468951,Low,Low
P084,2026-01-04,73.4956258970235,Medium,Medium
P084,2026-01-17,58.34914164355671,Medium,Medium
P084,2026-02-05,60.5942295299276,Medium,Medium
P084,2026-02-26,43.08403943481455,Low,Low
P084,2026-03-14,79.45972860928981,High,High
P084,2026-05-29,68.181157261462,Medium,Medium
P084,2026-06-08,71.82635423849793,Medium,Medium
P084,2026-06-27,55.21135815077143,Medium,Medium
P085,2026-01-03,75.69068678216857,High,High
P085,2026-01-07,51.22271806575838,Medium,Medium
P085,2026-01-18,43.62686387274396,Low,Low
P085,2026-01-28,76.44024032042125,High,High
P085,2026-03-09,63.00270797408596,Medium,Medium
P085,2026-03-28,42.763206378584435,Low,Low
P085,2026-04-22,45.028423680327016,Low,Low
P085,2026-05-31,74.69882448020999,Medium,Medium
P086,2026-01-19,71.34141421125842,Medium,Medium
P086,2026-02-01,80.99474485096611,High,High
P086,2026-03-14,65.44843602436109,Medium,Medium
P086,2026-03-19,75.58613111513753,High,High
P086,2026-03-22,69.84250178443969,Medium,Medium
P086,2026-04-05,67.3992451041224,Medium,Medium
P086,2026-04-10,73.52531155931509,Medium,Medium
P086,2026-04-15,78.74596285904158,High,High
P086,2026-04-18,44.2723298602823,Low,Low
P086,2026-05-06,52.02637109279675,Medium,Medium
P086,2026-05-10,70.63366341295054,Medium,Medium
P086,2026-05-13,65.36304154277678,Medium,Medium
P086,2026-06-05,57.450667453650325,Medium,Medium
P086,2026-06-10,51.555997441951156,Medium,Medium
P086,2026-06-10,82.43451570405784,High,High
P087,2026-01-26,76.33973655036394,High,High
P087,2026-02-11,47.08377842150458,Low,Low
P087,2026-03-03,65.87963457506493,Medium,Medium
P087,2026-05-13,84.02550122734633,High,High
P087,2026-05-14,61.89276779134595,Medium,Medium
P087,2026-05-22,65.11066364628806,Medium,Medium
P087,2026-06-01,73.95617055509143,Medium,Medium
P087,2026-06-13,56.15410260460678,Medium,Medium
P087,2026-06-19,70.53790489551798,Medium,Medium
P087,2026-06-27,41.09796084243802,Low,Low
P088,2026-01-22,67.1527855142716,Medium,Medium
P088,2026-02-15,81.14781592177874,High,High
P088,2026-02-26,60.833504744039296,Medium,Medium
P088,2026-03-17,57.72240093919335,Medium,Medium
P088,2026-03-25,51.253181393027816,Medium,Medium
P088,2026-04-21,59.062308961265444,Medium,Medium
P088,2026-04-21,52.893627521695024,Medium,Medium
P088,2026-05-25,50.73625161693101,Medium,Medium
P088,2026-06-20,56.08985890046985,Medium,Medium
P089,2026-01-09,58.562510705787716,Medium,Medium
P089,2026-01-15,50.87723175696488,Medium,Medium
P089,2026-01-23,27.8960695727005,Low,Low
P089,2026-02-04,84.19689085465998,High,High
P089,2026-03-14,65.75440093919335,Medium,Medium
P089,2026-04-29,77.18065980264136,High,High
P089,2026-05-05,68.00257003845097,Medium,Medium
P089,2026-05-06,44.139032940423064,Low,Low
P089,2026-05-17,58.703076901592034,Medium,Medium
P089,2026-05-21,63.99243042127196,Medium,Medium
P089,2026-05-21,59.701732826468586,Medium,Medium
P089,2026-05-29,69.57334043351395,Medium,Medium
P089,2026-05-31,39.540875954786664,Low,Low
P089,2026-06-08,55.6395627379532,Medium,Medium
P090,2026-01-06,50.76652730010012,Medium,Medium
P090,2026-02-03,60.885688277736215,Medium,Medium
P090,2026-02-06,59.00837464075262,Medium,Medium
P090,2026-02-13,73.39249499092708,Medium,Medium
P090,2026-02-16,31.366812577482246,Low,Low
P090,2026-02-20,46.36576436411554,Low,Low
P090,2026-03-08,58.51829679246879,Medium,Medium
P090,2026-03-11,63.3112488674298,Medium,Medium
P090,2026-03-16,68.43074790709007,Medium,Medium
P090,2026-03-17,88.33823554603855,High,High
P090,2026-03-20,35.069748584933414,Low,Low
P090,2026-04-17,52.2442482490219,Medium,Medium
P090,2026-05-01,29.529165808040784,Low,Low
P090,2026-05-20,57.07313883520634,Medium,Medium
P090,2026-05-21,52.77090913784663,Medium,Medium
P090,2026-05-23,52.811090765191004,Medium,Medium
P090,2026-05-25,26.277882362938037,Low,Low
P090,2026-06-02,51.155410238140824,Medium,Medium
P090,2026-06-07,68.10672632451474,Medium,Medium
P090,2026-06-10,39.16488066480221,Low,Low
P091,2026-01-14,69.03057569012985,Medium,Medium
P091,2026-01-20,42.064949003104836,Low,Low
P091,2026-01-20,53.884066417261714,Medium,Medium
P091,2026-01-21,53.297840606084335,Medium,Medium
P091,2026-02-14,68.90270883488216,Medium,Medium
P092,2026-01-07,58.52780306274738,Medium,Medium
P092,2026-01-13,62.754067583819776,Medium,Medium
P092,2026-01-19,48.64330835117773,Low,Low
P092,2026-01-21,77.05892307230482,High,High
P092,2026-01-24,40.27807586829395,Low,Low
P092,2026-02-12,54.472386469651354,Medium,Medium
P092,2026-02-16,55.59871402615941,Medium,Medium
P092,2026-02-24,54.862597098332344,Medium,Medium
P092,2026-03-15,73.8117031485447,Medium,Medium
P092,2026-03-25,48.39994639373881,Low,Low
P092,2026-03-29,63.11761638899044,Medium,Medium
P092,2026-05-16,47.03886170559205,Low,Low
P092,2026-05-22,57.447547251463746,Medium,Medium
P092,2026-05-26,48.155526629717365,Low,Low
P092,2026-05-27,41.92358813197322,Low,Low
P092,2026-05-29,43.49259518700403,Low,Low
P092,2026-06-09,52.74069023616024,Medium,Medium
P092,2026-06-09,33.2510698570224,Low,Low
P092,2026-06-16,64.57596285904157,Medium,Medium
P093,2026-01-26,49.925801971975474,Low,Low
P093,2026-02-10,55.41028551506426,Medium,Medium
P093,2026-03-06,59.66647010895183,Medium,Medium
P093,2026-03-06,55.65812071111996,Medium,Medium
P093,2026-03-18,61.648993505809656,Medium,Medium
P093,2026-03-20,67.95116992964209,Medium,Medium
P093,2026-03-29,55.26519699830555,Medium,Medium
P093,2026-05-05,74.84452661667999,Medium,Medium
P093,2026-05-16,65.48085810866176,Medium,Medium
P093,2026-05-21,71.04973266815496,Medium,Medium
P093,2026-05-30,53.17608285565567,Medium,Medium
P094,2026-01-10,63.94470864867515,Medium,Medium
P094,2026-03-13,44.28956779902756,Low,Low
P094,2026-03-16,46.554422406548376,Low,Low
P094,2026-04-24,46.245047442921106,Low,Low
P094,2026-05-10,57.3954965840726,Medium,Medium
P094,2026-05-29,37.1833022574481,Low,Low
P094,2026-06-12,74.5998276648141,Medium,High
P094,2026-06-21,63.63297822598175,Medium,Medium
P095,2026-01-12,46.333247039660314,Low,Low
P095,2026-01-18,58.76440481582074,Medium,Medium
P095,2026-02-21,52.09736661387494,Medium,Medium
P095,2026-02-27,67.49437732283708,Medium,Medium
P095,2026-03-30,81.85097822598175,High,High
P095,2026-04-16,64.29348430874825,Medium,Medium
P095,2026-04-30,69.18031637766654,Medium,Medium
P095,2026-05-05,62.31424206461821,Medium,Medium
P095,2026-06-01,75.39513011396058,High,High
P095,2026-06-29,77.26332070544238,High,High
P096,2026-01-10,46.089804865943414,Low,Low
P096,2026-02-08,51.30208036919129,Medium,Medium
P096,2026-02-18,49.53511545773467,Low,Low
P096,2026-02-22,68.81046901214954,Medium,Medium
P096,2026-03-19,75.76468908967462,High,High
P096,2026-03-23,46.19777513008184,Low,Low
P096,2026-04-03,58.7854505666684,Medium,Medium
P096,2026-04-18,55.665795649664005,Medium,Medium
P096,2026-04-24,69.58537314866896,Medium,Medium
P096,2026-04-29,64.28895255268793,Medium,Medium
P096,2026-05-10,46.71851313996496,Low,Low
P096,2026-05-24,62.23448993259922,Medium,Medium
P097,2026-01-23,62.72443954543156,Medium,Medium
P097,2026-02-17,67.3909687054414,Medium,Medium
P097,2026-03-08,73.36564072526869,Medium,Medium
P097,2026-04-01,56.10458356762415,Medium,Medium
P097,2026-04-06,64.35169006286962,Medium,Medium
P097,2026-04-28,52.40008036919128,Medium,Medium
P097,2026-05-06,50.589633871074376,Medium,Medium
P097,2026-05-09,53.47142688192612,Medium,Medium
P097,2026-05-12,54.42452078914519,Medium,Medium
P098,2026-02-11,59.96146247548093,Medium,Medium
P098,2026-02-23,57.52298054607225,Medium,Medium
P098,2026-03-11,77.66728703117167,High,High
P098,2026-03-27,80.415367364039,High,High
P098,2026-04-19,72.80117821937712,Medium,Medium
P098,2026-05-01,47.6294236959837,Low,Low
P098,2026-05-12,50.83295345165741,Medium,Medium
P099,2026-01-01,62.17749499092707,Medium,Medium
P099,2026-01-03,73.98360003612842,Medium,Medium
P099,2026-01-05,60.1298608137045,Medium,Medium
P099,2026-01-10,43.819710206995005,Low,Low
P099,2026-02-12,53.6215375972301,Medium,Medium
P099,2026-02-18,54.71864342527816,Medium,Medium
P099,2026-02-20,75.79767054610794,High,High
P099,2026-02-25,82.06462434774542,High,High
P099,2026-03-05,42.13518762938292,Low,Low
P099,2026-03-09,37.38960961262823,Low,Low
P099,2026-03-11,44.122981847122084,Low,Low
P099,2026-03-11,57.49791828359767,Medium,Medium
P099,2026-04-12,46.35590325052319,Low,Low
P099,2026-04-15,72.28173321190175,Medium,Medium
P099,2026-05-30,56.06475419290112,Medium,Medium
P099,2026-06-05,66.42052730010013,Medium,Medium
P099,2026-06-09,65.71354450633292,Medium,Medium
P099,2026-06-27,57.75517235970152,Medium,Medium
P100,2026-01-12,70.72181431630469,Medium,Medium
P100,2026-02-24,81.06782832426039,High,High
P100,2026-03-27,44.71767994539967,Low,Low
P100,2026-04-07,71.04601278779153,Medium,Medium
P100,2026-05-07,55.83473757550577,Medium,Medium
P100,2026-05-24,67.18905833539696,Medium,Medium
P100,2026-06-01,74.23279996233448,Medium,Medium
P100,2026-06-04,65.90923187238474,Medium,Medium
P100,2026-06-05,57.53041442809902,Medium,Medium
